{
  "pratos": [
    {
      "id": 1,
      "titulo": "Abará",
      "descricao": "Abará é um bolinho de feijão-fradinho moído cozido em banho-maria embrulhado em folha de bananeira. É um prato típico da culinária da África e da cozinha baiana. É feito com a mesma massa que o acarajé: A única diferença é que o abará é cozido e leva temperos e azeite de dendê em sua massa, enquanto o acarajé é frito.",
      "regiao": "Nordeste",
      "imagem": "https://www.penaestrada.blog.br/wp-content/uploads/2021/02/comidas-tipicas-do-brasil-abara-768x495.jpg.webp"
    },
    {
      "titulo": "Acarajé",
      "regiao": "Nordeste",
      "descricao": "Não dá para viajar pela Bahia e não comer acarajé, o prato mais típico do Estado. Vendido pelos principais restaurantes do Nordeste e aqui no Rio de Janeiro, pela Brasuca, esse bolinho de feijão frito no azeite de dendê é uma das iguarias brasileiras mais famosas no exterior: os gringos adoram.",
      "imagem": "https://www.penaestrada.blog.br/wp-content/uploads/2021/02/comidas-tipicas-do-brasil-acaraje-768x495.jpg.webp",
      "id": 2
    },
    {
      "titulo": "Barreado",
      "regiao": "Sul",
      "descricao": "O barreado é um prato típico do Paraná. Na região de Morretes, onde o prato é mais conhecido, dizem que ele surgiu no tempo das festas, quando as pessoas não queriam perder tempo preparando a refeição: como não perde o gosto ao ser requentado, dá para comer essa iguaria por dias seguidos sem reclamar. Não perca tempo e prove agora mesmo na Brasuca!",
      "imagem": "https://www.penaestrada.blog.br/wp-content/uploads/2021/02/comidas-tipicas-do-brasil-barreado-768x495.jpg.webp",
      "id": 3
    },
    {
      "titulo": "Bobó de camarão",
      "regiao": "Nordeste",
      "descricao": "Outra  receita baiana que se espalhou pelo Brasil , o bobó de camarão tem origem africana – assim com muitos outros pratos da Bahia – e é, basicamente, um purê de mandioca com camarão temperados com tudo que é bom. Mas, o grande  diferencial da receita baiana é o azeite de dendê,  que dá um sabor especial ao prato.",
      "imagem": "https://www.penaestrada.blog.br/wp-content/uploads/2021/02/comidas-tipicas-do-brasil-bobo-de-camarao.jpg.webp",
      "id": 4
    }
  ],
  "bebidas": [
    {
      "titulo": "Chimarrão",
      "regiao": "Sul",
      "descricao": "Chimarrão é uma bebida a base de erva-mate servida com infusão de água quente. A bebida é característica da região sul da América do Sul, sendo bastante consumida principalmente no Brasil, Argentina, Uruguai, Paraguai e Chile.",
      "imagem": "https://conteudo.bblend.com.br/wp-content/uploads/2021/01/bebidasbrasileiras2-768x512.webp",
      "id": 1
    },
    {
      "titulo": "Caipirinha",
      "regiao": "Sudeste",
      "descricao": "A caipirinha é uma bebida alcoólica brasileira, ou um coquetel de origem paulista, feita com cachaça, limão, açúcar e gelo. Variações incluem a caipiroska - com vodka ao invés de cachaça - e a caipiríssima - com rum. Experimente a caipirinha especial do Brasuca!",
      "imagem": "https://img.itdg.com.br/images/recipes/000/128/825/319875/319875_original.jpg",
      "id": 2
    },
    {
      "titulo": "Garapa (Caldo de Cana)",
      "regiao": "Sudeste",
      "descricao": "Caldo de cana ou garapa é o líquido extraído da cana-de-açúcar no processo de moagem. O Caldo de Cana aqui no Brasuca é feito na hora, com processo limpo e sustentável.",
      "imagem": "https://nsc-total-wp.s3.sa-east-1.amazonaws.com/wp-content/uploads/2022/10/caldo-de-cana-1.jpg",
      "id": 3
    },
    {
      "titulo": "Água de Coco",
      "regiao": "Nordeste",
      "descricao": "Água de coco é o suco natural contido no interior do coco, o fruto do coqueiro. É rico em potássio, com poucas calorias e muitos nutrientes, livre de gordura e com alto poder reidratante. É abundante em áreas tropicais e quentes, principalmente no Nordeste do Brasil, onde é consumida como bebida refrescante, também consumida aqui, no Brasuca, gelada e no capricho. ",
      "imagem": "https://www.correio24horas.com.br/fileadmin/_processed_/2/5/csm_agua_de_coco_7607471d88.jpg",
      "id": 4
    }
  ],
  "estabelecimentos": [
    {
      "local": "Lapa",
      "estado": "Rio de Janeiro",
      "id": 2,
      "endereco": "R. Alcindo Guanabara, 24 - Centro, 25946-223"
    },
    {
      "local": "Campo Grande",
      "estado": "Rio de Janeiro",
      "id": 3,
      "endereco": "R. Santa Ermelinda, 6, 23080-050"
    },
    {
      "local": "Cesarão",
      "estado": "Rio de Janeiro",
      "id": 4,
      "endereco": "Conjunto Hab. Guandu, R. Um, Lote 217 - Santa Cruz, 23560-150"
    },
    {
      "local": "Liberdade",
      "estado": "São Paulo",
      "id": 5,
      "endereco": "R. Junqueira Freire, 272 - Liberdade, 01507-020"
    },
    {
      "local": "Central do Brasil",
      "estado": "Rio de Janeiro",
      "id": 6,
      "endereco": "R. Sen. Pompeu, 146-170 - Centro, RJ, 20221-291"
    },
    {
      "estado": "Rio de Janeiro",
      "local": "Itaguaí",
      "endereco": "Av. Dep. Octávio Cabral, 828 - Jardim America, 23810-305",
      "id": 7
    }
  ]
}